Sector_score,LOCATION_ID,PARA_A,SCORE_A,PARA_B,SCORE_B,TOTAL,numbers,Money_Value,History,Score,Risk
3.89,23,4.18,6,2.5,2,6.68,5,3.38,0,2.4,1
3.89,6,0,2,4.83,2,4.83,5,0.94,0,2,0
3.89,6,0.51,2,0.23,2,0.74,5,0,0,2,0
3.89,6,0,2,10.8,6,10.8,6,11.75,0,4.4,1
3.89,6,0,2,0.08,2,0.08,5,0,0,2,0
3.89,6,0,2,0.83,2,0.83,5,2.95,0,2,0
3.89,7,1.1,4,7.41,4,8.51,5,44.95,0,3.2,1
3.89,8,8.5,6,12.03,6,20.53,5.5,7.79,0,4.2,1
3.89,8,8.4,6,11.05,6,19.45,5.5,7.34,0,4.2,1
3.89,8,3.98,6,0.99,2,4.97,5,1.93,0,2.4,1
3.89,8,5.43,6,10.77,6,16.2,5,4.42,0,3.6,1
3.89,8,15.38,6,40.14,6,55.52,5,0.96,1,4,1
3.89,8,5.47,6,7.63,4,13.1,5,10.43,1,3.6,1
3.89,8,1.09,4,0.35,2,1.44,5,0,0,2.2,1
3.89,8,0,2,0.84,2,0.84,5,0.007,0,2,0
3.89,13,1.95,4,9.01,4,10.96,5,9,0,3,1
3.89,37,8.54,6,31.63,6,40.17,5,41.28,1,4.2,1
3.89,37,4.18,6,4.83,2,9.01,5.5,14.03,0,3.2,1
3.89,37,1.81,4,1.03,2,2.84,5,0,0,2.2,1
3.89,37,4.86,6,46.78,6,51.64,5.5,63.18,0,4.4,1
3.89,24,6.26,6,14.1,6,20.36,5,34.24,1,4.2,1
3.89,3,0.02,2,5.94,4,5.96,5,0.01,0,2.6,1
3.89,3,5.31,6,22.79,6,28.1,5,205.19,1,4.2,1
3.89,3,0.94,2,0.01,2,0.95,5,0.1,0,2,0
3.89,4,5.78,6,57.92,6,63.7,5,11.16,0,4,1
3.89,4,7.42,6,2.24,2,9.66,5,1.25,0,2.4,1
3.89,4,0,2,1.1,2,1.1,5,0.007,0,2,0
3.89,14,6.85,6,31.76,6,38.61,5,1.46,0,3.6,1
3.89,14,0,2,1.03,2,1.03,5,0,0,2,0
3.89,37,0,2,0.75,2,0.75,5,6.78,0,2.2,1
3.89,37,2.4,6,16.63,6,19.03,5,1.16,0,3.6,1
3.89,5,0,2,0.05,2,0.05,5,152.41,0,2.4,1
3.89,5,0,2,1.76,2,1.76,5,1.08,0,2,0
3.89,5,0,2,2.97,2,2.97,5,2.84,0,2,0
3.89,5,0,2,0.43,2,0.43,5,0,0,2,0
3.89,5,0,2,0.94,2,0.94,5,0.9,0,2,0
3.89,20,9.01,6,19.82,6,28.83,5,9.67,0,3.8,1
3.89,19,0,2,0.05,2,0.05,5,0,0,2,0
3.89,19,11.95,6,30.9,6,42.85,5,32.68,0,4,1
3.89,19,7.97,6,17.18,6,25.15,5,935.03,0,4,1
3.89,19,0,2,3.71,2,3.71,5,29.63,0,2.4,1
3.89,19,0.62,2,2.02,2,2.64,5,0.11,0,2,0
3.89,19,0,2,2.27,2,2.27,5,2.62,0,2,0
3.89,19,0,2,0,2,0,5,0,0,2,0
3.89,19,1.32,4,0,2,1.32,5,0.06,0,2.2,1
3.89,19,0,2,1.03,2,1.03,5,2.43,0,2,0
3.89,21,0,2,15.38,6,15.38,5,126.13,0,3.6,1
3.89,21,0,2,1.02,2,1.02,5,0,0,2,0
3.89,21,0,2,20.71,6,20.71,5,20.79,2,4,1
3.89,22,2.95,6,6.56,4,9.51,5,156.92,0,3.4,1
3.89,22,1.97,4,2.1,2,4.07,5,12.29,0,3,1
3.89,22,0,2,18.05,6,18.05,5,2.29,0,3.2,1
3.89,22,0,2,0.93,2,0.93,5,7.78,0,2.2,1
3.89,9,0,2,1.61,2,1.61,5,2.51,0,2,0
3.89,9,6.32,6,9.01,4,15.33,5,8.31,0,3.2,1
3.89,9,0,2,1.05,2,1.05,5,0.16,0,2,0
3.89,11,0,2,6.8,4,6.8,5,47.9,0,3,1
3.89,11,14.04,6,10.83,6,24.87,5,8.91,0,3.8,1
3.89,11,6.67,6,18.02,6,24.69,5.5,4.95,2,4.4,1
3.89,11,0,2,0,2,0,5,1.75,0,2,0
3.89,11,0,2,0.08,2,0.08,5,0.68,0,2,0
3.89,11,1.26,4,0.05,2,1.31,5,0,0,2.2,1
3.89,12,0,2,0.03,2,0.03,5,0.06,0,2,0
3.89,12,0,2,0.79,2,0.79,5,15.82,0,2.4,1
3.89,12,4.76,6,13.03,6,17.79,5,0.58,1,3.8,1
3.89,12,8.81,6,9.02,4,17.83,5,215.31,1,3.6,1
3.89,12,0,2,0.07,2,0.07,5,0,0,2,0
3.89,12,13.92,6,2.2,2,16.12,5,0.05,0,2.4,1
3.89,12,1.07,4,0,2,1.07,5,0,0,2.2,1
3.89,12,0,2,0.89,2,0.89,5,0,0,2,0
3.89,8,0,2,3.98,2,3.98,6,53.34,0,3.2,1
3.89,8,10,6,74.26,6,84.26,5.5,11.16,3,4.8,1
3.89,29,4.24,6,8.06,4,12.3,5,10.69,0,3.4,1
3.89,29,12.27,6,72.46,6,84.73,5,5.69,0,3.8,1
3.89,29,0,2,0.96,2,0.96,5,1.35,0,2,0
3.89,30,12.7,6,1.28,2,13.98,5,11.69,0,2.8,1
3.89,38,0,2,63.13,6,63.13,5,14.6,1,3.8,1
3.89,31,1.99,4,10.24,6,12.23,5,20.78,0,3.8,1
3.89,2,0.05,2,0.21,2,0.26,5.5,102.22,0,2.8,1
3.89,2,0,2,7.37,4,7.37,5,0.74,0,2.6,1
3.89,2,0,2,3.72,2,3.72,5,0,9,2.4,1
3.89,2,71.48,6,25.63,6,97.11,5,873.37,0,4,1
3.89,2,0,2,0,2,0,5,0,0,2,0
3.89,2,0.74,2,1,2,1.74,5,0,0,2,0
3.89,2,0,2,0.58,2,0.58,5,0,0,2,0
3.89,9,8.46,6,72.76,6,81.22,5,1.4,2,4.2,1
3.89,9,0.42,2,0.07,2,0.49,5,0.42,0,2,0
3.89,32,0.01,2,1.29,2,1.3,5.5,36.52,0,3,1
3.89,32,6.85,6,65.93,6,72.78,5.5,6.02,0,4.4,1
3.89,32,5.37,6,8.62,4,13.99,5,17.16,0,3.6,1
3.89,32,4.93,6,6.54,4,11.47,5.5,12.91,0,4,1
3.89,32,1.22,4,0.06,2,1.28,5,0,0,2.4,1
3.89,32,0,2,0.85,2,0.85,5,0,0,2.2,1
3.89,16,15.72,6,57.94,6,73.66,6,10.79,0,5.2,1
3.89,16,4.95,6,42.61,6,47.56,5,3.46,1,4.2,1
3.89,16,0,2,0.08,2,0.08,5,0.06,0,2.4,1
3.89,16,1.19,4,12.88,6,14.07,5,2.33,0,3.8,1
3.89,16,0,2,2.72,2,2.72,5,5.58,0,2.6,1
3.89,16,0,2,1.66,2,1.66,5,0.76,0,2.4,1
3.89,16,6.47,6,12.18,6,18.65,5,25.27,0,4.4,1
3.89,16,1.33,4,0,2,1.33,5,0.2,0,2.6,1
3.89,16,0,2,1.1,2,1.1,5,0,0,2.4,1
3.89,33,2.57,6,4.49,2,7.06,5,7.56,1,2.8,1
3.89,15,0,2,1.88,2,1.88,5,0,0,2,0
3.89,15,0.77,2,18.31,6,19.08,5,67.03,0,3.6,1
3.89,15,5.23,6,5.89,4,11.12,5,19.4,0,3.4,1
3.89,15,6.59,6,23.66,6,30.25,5,34.83,1,4.2,1
3.89,15,7.18,6,14.63,6,21.81,5,98.75,0,4,1
3.89,15,1,4,0,2,1,5,0.36,0,2.2,1
3.89,13,0,2,0.06,2,0.06,5,0,0,2,0
3.89,13,2.63,6,2.55,2,5.18,5,0,0,2.4,1
3.89,13,0,2,0.87,2,0.87,5,0,0,2,0
3.89,36,10.96,6,41.47,6,52.43,5,35.21,1,4.2,1
3.89,6,0,2,0.23,2,0.23,5,0,0,2,0
3.41,34,4.25,6,45.51,6,49.76,5.5,8.2,0,4.2,1
3.41,18,1.98,4,51.42,6,53.4,5.5,20.33,1,4.4,1
3.41,25,1.44,4,29.25,6,30.69,5,35.13,0,3.8,1
3.41,39,1.52,4,37.33,6,38.85,5.5,63.7,0,4.2,1
3.41,39,3.63,6,10.85,4,14.48,5,0.28,0,3,1
3.41,2,1.35,4,66.35,6,67.7,5.5,27.13,3,4.6,1
3.41,39,9.97,6,88.73,6,98.7,5,10.27,0,4,1
3.41,27,1.41,4,36.16,6,37.57,5,13.05,0,4.2,1
3.41,8,1.98,4,67.91,6,69.89,5.5,18.79,1,4.4,1
3.41,11,10.08,6,22.31,6,32.39,5.5,16.82,0,4.4,1
3.41,11,1.44,4,9.65,4,11.09,6.5,10.03,0,4,1
3.41,12,25.4,6,51.74,6,77.14,5,12.67,2,4.8,1
3.41,12,3.21,6,72.07,6,75.28,5,13.79,1,4.6,1
3.41,9,12.28,6,20.62,6,32.9,5,10.16,1,4.2,1
3.41,9,6.93,6,70.26,6,77.19,5,9.73,0,3.8,1
3.41,16,3.34,6,37.59,6,40.93,5,26.95,0,4,1
3.41,13,15.66,6,74.53,6,90.19,5,29.07,0,4,1
3.41,13,2.92,6,5.24,4,8.16,5,9.76,0,3.2,1
3.41,37,0.83,2,28.06,6,28.89,5,13.31,0,3.6,1
3.41,13,1.97,4,30.25,6,32.22,5,0.68,0,3.4,1
3.41,5,10,6,47.9,6,57.9,5,7.7,0,3.8,1
3.41,35,13.06,6,45.42,6,58.48,5,10.4,0,4,1
3.41,38,1.35,4,33.25,6,34.6,5.5,20.62,0,4.2,1
3.41,4,4.13,6,16.74,6,20.87,5,44.02,0,4,1
3.41,31,12.62,6,80.06,6,92.68,5.5,43.53,0,4.6,1
3.41,31,16.36,6,41.1,6,57.46,5,12.03,0,4.2,1
3.41,16,12.68,6,41,6,53.68,5.5,11.88,0,4.4,1
3.41,16,11.73,6,85.87,6,97.6,5,6.96,1,4,1
3.41,22,5.15,6,44.67,6,49.82,5.5,21.07,0,4.4,1
3.41,7,6.61,6,55.62,6,62.23,5,57.16,0,4.2,1
3.41,8,8.03,6,94.43,6,102.46,5.5,10.65,2,4.8,1
3.41,8,1.21,4,34.03,6,35.24,5,5.36,0,3.6,1
3.41,19,1.64,4,46.21,6,47.85,5,2.45,0,3.4,1
3.41,19,1.21,4,43.84,6,45.05,5.5,31.61,0,4.2,1
3.41,29,1.1,4,87.71,6,88.81,5.5,34.32,0,4.2,1
3.41,29,4.17,6,24.37,6,28.54,5,4.24,0,3.6,1
3.41,20,1.08,4,32.71,6,33.79,5,8.38,0,3.6,1
3.41,29,12.29,6,25.74,6,38.03,5,22.1,0,4.2,1
3.41,32,12.54,6,31.62,6,44.16,5,54.07,0,4,1
3.41,9,17.26,6,44.22,6,61.48,5,27.68,1,4.2,1
3.41,30,1.15,4,20.1,6,21.25,6,21.45,0,4.6,1
3.41,15,20.04,6,48.9,6,68.94,5,11.09,0,4,1
3.41,15,12.17,6,47,6,59.17,6,10.14,0,4.8,1
3.41,40,10.37,6,105.56,6,115.93,9,52.13,0,4.8,1
3.41,41,9.67,6,62.25,6,71.92,5.5,17.02,0,4.4,1
3.41,42,3.77,6,40.86,6,44.63,5,18,0,4,1
3.41,22,4.73,6,60.22,6,64.95,5,69.76,0,4,1
3.41,11,6.31,6,19.42,6,25.73,5.5,13.88,0,4.4,1
3.41,13,5.61,6,1.56,2,7.17,5,4.03,0,2.4,1
3.41,37,5.22,6,20.94,6,26.16,5,2.44,0,3.6,1
3.41,19,0.31,2,58.12,6,58.43,5,78.98,0,3.8,1
3.41,15,2.86,6,17.09,6,19.95,5.5,6.88,0,4.2,1
3.41,14,16.53,6,72.99,6,89.52,5,5.49,1,4,1
3.41,22,2.7,6,45.16,6,47.86,5,37.79,0,4,1
3.41,8,3.08,6,60.78,6,63.86,5,0.36,0,3.6,1
3.41,32,2,6,49.19,6,51.19,5,60.88,1,4.2,1
3.41,2,1.18,4,0,2,1.18,5.5,183.2,0,3.2,1
3.41,39,1.07,4,0,2,1.07,5,10.02,0,2.6,1
3.41,12,1.07,4,0,2,1.07,5,0,0,2.6,1
3.41,13,1.01,4,0,2,1.01,5,0,0,2.2,1
3.41,5,0.93,2,0,2,0.93,5,0,0,2,0
3.41,4,4.01,6,0,2,4.01,5,0,0,2.4,1
3.41,32,0.77,2,0,2,0.77,5,0.32,0,2,0
3.41,16,1.05,4,0,2,1.05,5,0,0,2.2,1
3.41,15,1.01,4,0,2,1.01,5,0.28,0,2.2,1
3.41,19,0.91,2,0,2,0.91,5,0,0,2,0
3.41,8,1.12,4,0,2,1.12,5,0,0,2.2,1
3.41,9,0.8,2,0,2,0.8,5,0.18,0,2,0
3.41,22,0.65,2,0,2,0.65,5,0,0,2,0
3.41,29,0.63,2,0,2,0.63,5,0,0,2,0
3.41,6,0.43,2,0,2,0.43,5,0,0,2,0
3.41,11,1.21,4,0,2,1.21,5,0,0,2.2,1
3.41,31,0.17,2,0,2,0.17,5,0,0,2,0
3.41,18,0,2,0,2,0,5,0,0,2.2,1
3.41,14,0,2,0,2,0,5,0,0,2,0
3.41,36,0.07,2,0,2,0.07,5,0,0,2,0
2.72,18,5.11,6,53.76,6,58.87,6,48.56,2,5.2,1
2.72,39,2.46,6,6.72,4,9.18,5,0,0,3,1
2.72,39,4.05,6,21.66,6,25.71,5.5,18.45,0,4.4,1
2.72,39,2.81,6,4.6,2,7.41,5,8.44,0,2.6,1
2.72,25,4.43,6,61.47,6,65.9,5.5,39.65,0,4.4,1
2.72,39,3.48,6,17.85,6,21.33,5,9.53,0,3.8,1
2.72,8,3.62,6,44.28,6,47.9,5,44.67,0,4,1
2.72,8,4.34,6,24.13,6,28.47,5,3.42,0,3.6,1
2.72,12,3.62,6,8.37,4,11.99,5,0,0,3,1
2.72,11,3.11,6,113.97,6,117.08,5.5,26.64,0,4.4,1
2.72,9,1.65,4,20.86,6,22.51,5,16.91,0,3.8,1
2.72,12,3.43,6,1.53,2,4.96,5,0,0,2.4,1
2.72,9,3.84,6,98.67,6,102.51,5,12.9,0,4,1
2.72,12,7.42,6,115.87,6,123.29,6,6.79,1,4.8,1
2.72,12,7.07,6,35.48,6,42.55,5,8.76,0,3.8,1
2.72,2,3.26,6,5.55,4,8.81,5,0.21,0,3.4,1
2.72,13,3.84,6,144.39,6,148.23,5,19.68,1,4.4,1
2.72,13,5.5,6,93.26,6,98.76,5,14.27,0,4,1
2.72,5,1.9,4,35.04,6,36.94,6.5,16.19,0,4.6,1
2.72,5,3.5,6,16.09,6,19.59,5,5.03,0,3.8,1
2.72,5,1.46,4,0.75,2,2.21,5,0.11,0,2.2,1
2.72,38,4.6,6,54.99,6,59.59,5,14.1,0,4,1
2.72,5,7.43,6,79.5,6,86.93,5,102.39,0,4,1
2.72,11,3.51,6,52.89,6,56.4,5,4.26,0,3.6,1
2.72,4,5.65,6,67.16,6,72.81,6,27.23,0,4.8,1
2.72,4,1.33,4,0.35,2,1.68,5,0,0,2.2,1
2.72,31,5.45,6,71.09,6,76.54,5.5,59.18,0,4.4,1
2.72,4,1.73,4,5.64,4,7.37,5,13.35,0,3.2,1
2.72,16,6.02,6,135.69,6,141.71,6,89.64,0,5,1
2.72,22,3.22,6,55.64,6,58.86,5,80.8,0,4.2,1
2.72,16,2.41,6,5.28,4,7.69,5,8.95,0,3.4,1
2.72,16,2.84,6,64.91,6,67.75,5.5,124.59,0,4.6,1
2.72,16,1.75,4,0.57,2,2.32,5,0,0,2.4,1
2.72,16,2.18,6,30.81,6,32.99,5,5.8,0,4,1
2.72,16,3.26,6,2.81,2,6.07,6,21.6,0,3.8,1
2.72,40,4.43,6,51.32,6,55.75,5.5,145.97,0,4.4,1
2.72,8,5.61,6,99.33,6,104.94,6.5,76.47,0,4.8,1
2.72,19,3.9,6,27.92,6,31.82,5,47.6,0,4,1
2.72,19,2.19,6,0.68,2,2.87,5,28.4,0,2.8,1
2.72,19,1.56,4,14.64,4,16.2,5,25.97,0,3.2,1
2.72,14,4.53,6,87.93,6,92.46,5,85.81,0,4,1
2.72,20,4.97,6,42.19,6,47.16,5.5,45.37,0,4.4,1
2.72,19,2.13,6,0.59,2,2.72,5,0.76,0,2.4,1
2.72,19,3.66,6,15.47,6,19.13,5,1.43,0,3.6,1
2.72,19,1.64,4,0.19,2,1.83,5,1.59,0,2.2,1
2.72,29,4.9,6,98.71,6,103.61,5.5,82.99,1,4.6,1
2.72,32,5.68,6,67.38,6,73.06,5,86.7,1,4.2,1
2.72,9,3.99,6,92.05,6,96.04,5,15.14,1,4.2,1
2.72,30,3.47,6,47.07,6,50.54,5,31.38,0,4,1
2.72,15,2.68,6,38.32,6,41,5,7.17,0,3.8,1
2.72,15,2.13,6,42.64,6,44.77,5,18.24,0,4,1
2.72,2,4.28,6,1264.63,6,1268.91,5.5,58.86,2,5.2,1
2.72,1,4.36,6,33.91,6,38.27,5.5,6.06,0,4.8,1
2.72,2,2.23,6,4.54,2,6.77,5,22.8,0,3.2,1
2.72,12,2,6,0.32,2,2.32,5,5.37,0,2.6,1
2.72,7,3.04,6,67.37,6,70.41,6.5,77.47,0,4.8,1
2.72,22,1.19,4,122.07,6,123.26,5,15.2,0,3.8,1
2.72,1,1.35,4,0,2,1.35,6,680.14,0,3.4,1
2.72,1,1.14,4,0,2,1.14,5,0.71,0,2.2,1
2.72,6,1.51,4,0,2,1.51,5,0,0,2.2,1
2.72,8,1.13,4,0,2,1.13,5,0,0,2.2,1
2.72,5,1.5,4,0,2,1.5,5,1.44,0,2.2,1
2.72,9,0.96,2,0,2,0.96,5,0,0,2,0
2.72,12,1.6,4,0,2,1.6,5,0,0,2.2,1
2.72,16,1.34,4,0,2,1.34,5,0,0,2.4,1
2.72,19,1.6,4,0,2,1.6,5,0.06,0,2.2,1
2.72,11,1.13,4,0,2,1.13,5,0.02,0,2.2,1
2.72,4,0,2,0,2,0,5,0,0,2,0
2.72,9,0,2,0,2,0,5,0,0,2,0
2.72,12,0.77,2,0,2,0.77,5,4.6,0,2,0
2.72,12,1.05,4,0,2,1.05,5,0,0,2.2,1
2.72,19,0,2,0,2,0,5,0,0,2,0
2.72,22,0,2,0,2,0,5,30.85,0,2.4,1
2.72,16,0,2,0,2,0,5,0,0,2.2,1
2.72,15,0,2,0,2,0,5,0,0,2,0
2.72,15,0,2,0,2,0,5,0,0,2,0
2.72,32,0.84,2,0,2,0.84,5,8.21,0,2.2,1
2.72,13,0,2,0,2,0,5,0,0,2,0
2.72,19,0.85,2,0,2,0.85,5,0,0,2,0
2.72,5,0,2,0.28,2,0.28,5,0,0,2,0
2.72,6,0.61,2,0.07,2,0.68,5,0,0,2,0
2.72,8,0,2,0.62,2,0.62,5,0,0,2,0
2.37,18,3.43,6,1,4,4.43,5.5,49.31,1,4.2,1
2.37,11,1.63,4,5.86,6,7.49,5,3.69,0,3.4,1
2.37,1,3.75,6,1.25,4,5,6,11.25,0,4.6,1
2.37,8,2.29,6,2.64,6,4.93,5,3.08,0,3.6,1
2.37,6,2.51,6,8.59,6,11.1,5.5,16.03,5,4.8,1
2.37,16,2.21,6,5.21,6,7.42,5,3.43,0,3.6,1
2.37,12,2.22,6,6.23,6,8.45,5,0.89,0,3.6,1
2.37,9,1.67,4,0.39,2,2.06,5,1.43,0,2.2,1
2.37,13,2.59,6,0.66,2,3.25,5,1.28,0,2.4,1
2.37,22,2.39,6,7.72,6,10.11,5,5.42,1,4,1
2.37,32,3.42,6,10.55,6,13.97,5,6.96,0,3.8,1
2.37,27,3.61,6,2.13,6,5.74,5,5.41,2,4.4,1
2.37,4,1.86,4,4.51,6,6.37,5,7.27,0,3.6,1
2.37,19,1.9,4,7.97,6,9.87,5,8.6,1,3.8,1
2.37,14,3.29,6,6.41,6,9.7,5,3.66,0,3.6,1
2.37,15,2.6,6,1.14,4,3.74,5,8.76,1,3.4,1
2.37,8,3.81,6,11.52,6,15.33,5,3.25,0,3.8,1
2.37,9,2.1,6,5.06,6,7.16,5,5.41,0,3.8,1
2.37,5,2.22,6,3.4,6,5.62,5,26.28,1,4.2,1
2.37,31,0.96,2,0.12,2,1.08,5,0.22,0,2,0
2.37,38,0.81,2,4.6,6,5.41,5,1.82,0,3.2,1
2.37,8,1.25,4,0.02,2,1.27,5,0.82,0,2.2,1
2.37,12,1.65,4,0.02,2,1.67,5,27.99,0,2.6,1
2.37,18,1.65,4,0.02,2,1.67,5,2.47,0,2.2,1
2.37,19,2.13,6,0.11,2,2.24,5,7.54,0,2.6,1
2.37,28,0.44,2,0.02,2,0.46,5,27.1,0,2.8,1
2.37,28,1.31,4,0.12,2,1.43,5.5,0,0,3,1
2.37,12,0.39,2,0.14,2,0.53,5,0.58,0,2,0
2.37,19,1,4,1.1,4,2.1,5,0,0,2.8,1
2.37,12,0.42,2,0.27,2,0.69,5,0,0,2,0
2.37,6,1.07,4,0.59,2,1.66,5,0,0,2.2,1
2.37,28,1.29,4,0.25,2,1.54,5,0,0,2.2,1
2.37,5,0.02,2,0.87,2,0.89,5,0.04,0,2,0
2.37,6,1.46,4,0.55,2,2.01,5,0.67,0,2.2,1
2.37,19,0.84,2,0.06,2,0.9,5,0.72,0,2,0
2.37,8,0.66,2,1.37,4,2.03,5,0.84,0,2.8,1
2.37,8,0.53,2,5.4,6,5.93,5,0.72,0,3.2,1
2.37,6,0.39,2,0.47,2,0.86,5,0,0,2,0
2.37,19,0.51,2,0.47,2,0.98,5,0,0,2,0
2.37,12,0.47,2,0.29,2,0.76,5,0.07,0,2,0
2.37,35,3.35,6,0.99,2,4.34,5,0.12,0,2.4,1
2.37,28,0.32,2,0.49,2,0.81,5,6.73,0,2.6,1
2.37,28,0.51,2,0,2,0.51,5,0,0,2.4,1
2.37,4,0,2,0,2,0,5,0.05,0,2,0
2.37,9,0.31,2,0.69,2,1,5,0,0,2,0
2.37,32,0.61,2,1.54,4,2.15,5,0.57,0,2.6,1
2.37,5,0.26,2,0.17,2,0.43,5,0,0,2,0
2.37,2,0.73,2,0.05,2,0.78,5,6.14,0,2.6,1
2.37,2,0,2,0,2,0,5,0,0,2.4,1
2.37,16,1.27,4,1.01,4,2.28,5,1.15,0,2.8,1
2.37,19,1.62,4,0.49,2,2.11,5,0,0,2.2,1
2.37,5,1.54,4,0.46,2,2,5,0.57,0,2.2,1
2.37,2,2.18,6,0.93,2,3.11,5,0,0,2.8,1
2.37,2,7.59,6,1.47,4,9.06,5.5,36.29,0,4.2,1
2.37,2,0.76,2,0.34,2,1.1,5,0,0,2.4,1
2.37,16,0.38,2,0.85,2,1.23,5,0.04,0,2,0
2.37,5,1.29,4,0.13,2,1.42,5,0,0,2.2,1
2.37,19,1.99,4,0.63,2,2.62,5,0,0,2.2,1
2.37,31,0,2,0,2,0,5,0,0,2,0
2.37,4,0.02,2,0.05,2,0.07,5,0,0,2,0
2.37,5,0.14,2,0.08,2,0.22,5,0,0,2,0
2.37,18,0.09,2,0,2,0.09,5,0,0,2,0
2.37,9,0,2,0,2,0,5,0,0,2,0
2.37,32,0,2,0,2,0,5,0,0,2,0
2.37,16,0.01,2,0.007,2,0.017,5,0,0,2,0
2.37,16,0.17,2,0.04,2,0.21,5,0,0,2,0
2.37,2,1.66,4,0.83,2,2.49,5,0.31,0,2.6,1
2.37,2,0.5,2,0.04,2,0.54,5,0,0,2.4,1
2.37,2,0.9,2,0.29,2,1.19,5,1.22,0,2.4,1
2.37,2,0,2,0,2,0,5,0.23,0,2.4,1
1.99,2,57.03,6,134.33,6,191.36,5,844.37,0,4,1
1.99,8,0.58,2,0,2,0.58,5,0,0,2,0
1.99,12,1.52,4,0,2,1.52,5,6.96,0,2.4,1
1.99,6,0.9,2,0,2,0.9,5,1.95,0,2,0
1.99,6,1.19,4,0,2,1.19,5,0,0,2.2,1
1.99,25,0.53,2,0,2,0.53,5,2.33,0,2,0
1.99,40,0.93,2,0,2,0.93,5,0.11,0,2,0
1.99,8,1.89,4,0,2,1.89,5,0,0,2.2,1
1.99,8,1.71,4,0,2,1.71,5,0.09,0,2.2,1
1.99,31,0.76,2,0,2,0.76,5,7.48,0,2.2,1
1.99,4,0.96,2,0,2,0.96,5,9.45,0,2.2,1
1.99,14,1.26,4,0,2,1.26,5,0,0,2.2,1
1.99,5,0.29,2,0,2,0.29,5,0.06,0,2,0
1.99,5,1.27,4,0,2,1.27,5,2.77,0,2.2,1
1.99,5,1.34,4,0,2,1.34,5,0,0,2.2,1
1.99,5,0.56,2,0,2,0.56,5,1.75,0,2,0
1.99,20,0.86,2,0,2,0.86,5,0,0,2.4,1
1.99,19,1.62,4,0,2,1.62,5,0,0,2.6,1
1.99,19,3.02,6,0,2,3.02,5,0,0,2.8,1
1.99,19,0.59,2,0,2,0.59,5,0,0,2.4,1
1.99,22,1.1,4,0,2,1.1,5,0,0,2.2,1
1.99,9,1.03,4,0,2,1.03,5,27.28,0,2.6,1
1.99,30,0.66,2,0,2,0.66,5,0.73,0,2,0
1.99,11,1.27,4,0,2,1.27,5,175.9,0,2.6,1
1.99,12,0.43,2,0,2,0.43,5,13.54,0,2.4,1
1.99,12,1.65,4,0,2,1.65,5,0.01,0,2.2,1
1.99,8,1.4,4,0,2,1.4,5,0,0,2.2,1
1.99,8,1.14,4,0,2,1.14,5,41.82,0,2.6,1
1.99,8,0.45,2,0,2,0.45,5,0,0,2,0
1.99,27,0.6,2,0,2,0.6,5,0,0,2,0
1.99,29,0.85,2,0,2,0.85,5,0,0,2,0
1.99,9,1.19,4,0,2,1.19,5,29.76,0,2.6,1
1.99,32,1.23,4,0,2,1.23,5,0.11,0,2.2,1
1.99,32,1.12,4,0,2,1.12,5,0.05,0,2.2,1
1.99,16,1.53,4,0,2,1.53,5,0.03,0,2.4,1
1.99,16,0.77,2,0,2,0.77,5,0,0,2.2,1
1.99,16,0.56,2,0,2,0.56,5,0,0,2.2,1
1.99,16,1.82,4,0,2,1.82,5,85.13,0,2.8,1
1.99,16,0.44,2,0,2,0.44,5,0.04,0,2.2,1
1.99,15,1.46,4,0,2,1.46,5,0,0,2.2,1
1.99,15,1.12,4,0,2,1.12,5,10.98,0,2.6,1
1.99,13,1.56,4,0,2,1.56,5,0.1,0,2.2,1
1.99,13,0,2,0,2,0,5,0,0,2,0
1.99,18,0,2,0,2,0,5,0,0,2,0
1.85,2,11.24,6,9.49,6,20.73,5.5,173.02,0,4.4,1
1.85,6,3.7,6,0,2,3.7,5,0.12,0,2.4,1
1.85,6,8.53,6,0.16,2,8.69,5,0.52,0,2.6,1
1.85,6,0.47,2,1.59,4,2.06,5,1.24,0,2.6,1
1.85,8,0.95,2,1.33,4,2.28,5,0.07,0,2.8,1
1.85,8,13.15,6,1.63,4,14.78,5,1.19,0,3.2,1
1.85,8,3.17,6,0.44,2,3.61,5,0,0,2.6,1
1.85,8,7.02,6,1.77,4,8.79,5,0,0,3.2,1
1.85,16,0,2,0,2,0,5,0,0,2,0
1.85,8,0.95,2,0,2,0.95,5,0.13,0,2.4,1
1.85,8,0,2,0,2,0,5,10.53,0,2.6,1
1.85,16,9.19,6,4.2,6,13.39,5,0.52,0,3.6,1
1.85,19,9.14,6,1.22,4,10.36,5,0,0,3.4,1
1.85,6,0.26,2,0,2,0.26,5,0,0,2,0
1.85,31,3.05,6,0.05,2,3.1,5,0,0,2.4,1
1.85,4,0.56,2,72,6,72.56,5,0.51,0,3.2,1
1.85,4,2.96,6,0.15,2,3.11,5,0,0,2.4,1
1.85,31,2.48,6,0,2,2.48,5,0,0,2.4,1
1.85,14,9.94,6,0.44,2,10.38,5,0.15,0,2.4,1
1.85,14,5.13,6,0.09,2,5.22,5,0.01,0,2.4,1
1.85,43,2.49,6,0.29,2,2.78,5,0.49,0,2.4,1
1.85,5,7.22,6,0.28,2,7.5,5,0,0,2.4,1
1.85,5,0.71,2,0.66,2,1.37,5,0,0,2,0
1.85,19,19.21,6,2.47,6,21.68,5,0,0,4,1
1.85,19,0.18,2,0,2,0.18,5,0,0,2.6,1
1.85,19,5.9,6,0,2,5.9,5,0.74,0,3,1
1.85,19,4.04,6,0,2,4.04,5,0.79,0,2.8,1
1.85,19,2.81,6,0.11,2,2.92,5,19.45,0,3.2,1
1.85,19,5.87,6,0,2,5.87,5,0.44,0,2.8,1
1.85,19,1.75,4,0,2,1.75,5,0.35,0,2.6,1
1.85,19,2.05,6,0,2,2.05,5,3.53,0,2.8,1
1.85,19,0,2,0,2,0,5,0.04,0,2.6,1
1.85,16,3.67,6,0.18,2,3.85,5,0,0,2.4,1
1.85,9,0.64,2,0.95,2,1.59,5,0,1,2.2,1
1.85,9,7.37,6,1.64,4,9.01,5,0.08,0,3,1
1.85,9,10.79,6,0.67,2,11.46,5,0.04,0,2.4,1
1.85,11,10.02,6,0.95,2,10.97,5,0.43,0,2.4,1
1.85,11,0.44,2,0.62,2,1.06,5,0.64,0,2,0
1.85,12,2.89,6,0.11,2,3,5,0.04,0,2.4,1
1.85,12,0.6,2,1.14,4,1.74,5,0.43,0,2.6,1
1.85,8,0.79,2,1.01,4,1.8,5,0.57,0,2.6,1
1.85,8,3.26,6,0.36,2,3.62,5,0.02,0,2.4,1
1.85,8,8.94,6,1.32,4,10.26,5,0.02,0,3,1
1.85,27,4.6,6,1.17,4,5.77,5,0.04,0,3,1
1.85,29,7.01,6,1.12,4,8.13,5,0.1,0,3,1
1.85,29,1.04,4,0.91,2,1.95,5,0.37,0,2.2,1
1.85,9,2.81,6,0.41,2,3.22,5,0,0,2.4,1
1.85,9,0.7,2,0.6,2,1.3,5,0.51,0,2,0
1.85,32,0.78,2,0.97,2,1.75,5,0.97,0,2,0
1.85,32,7.09,6,1.95,4,9.04,5,0,0,3,1
1.85,32,1.39,4,1.1,4,2.49,5,0,0,2.8,1
1.85,8,2.46,6,0.37,2,2.83,5,0,0,2.4,1
1.85,4,2.48,6,0.1,2,2.58,5,0,0,2.4,1
1.85,15,1.28,4,1.75,4,3.03,5,0,0,2.8,1
1.85,15,3.83,6,0.28,2,4.11,5,0,0,2.4,1
1.85,15,3.74,6,0.55,2,4.29,5,0,0,2.4,1
1.85,15,11.44,6,1.41,4,12.85,5,0.04,0,3,1
1.85,13,4.99,6,0.64,2,5.63,5,0,0,2.4,1
1.85,13,8.25,6,1.59,4,9.84,5,0.02,0,3,1
1.85,13,0.25,2,1.8,4,2.05,5,0.74,0,2.6,1
1.85,18,7.2,6,0.43,2,7.63,5,0.01,0,2.4,1
1.85,18,0.73,2,1.24,4,1.97,5,0.2,0,2.6,1
1.85,43,5.2,6,0,2,5.2,5,0,0,2.4,1
1.85,19,1.16,4,0,2,1.16,5,0.11,0,2.6,1
1.85,19,0,2,0,2,0,5,0.19,0,2.4,1
1.85,6,0.65,2,0.03,2,0.68,5,0.14,0,2,0
1.85,6,0.79,2,0,2,0.79,5,3.54,0,2,0
1.85,19,3.28,6,0.25,2,3.53,5,0.04,0,2.8,1
1.85,19,0.9,2,0,2,0.9,5,0.13,0,2.4,1
1.85,9,5,6,0.54,2,5.54,5,0,0,2.4,1
1.85,9,7.07,6,0.72,2,7.79,5,0,0,2.4,1
1.85,14,1.08,4,1.98,4,3.06,5,3.92,0,2.8,1
1.85,13,3.46,6,0.09,2,3.55,5,0.06,0,2.4,1
1.85,22,0.6,2,1.08,4,1.68,5,0.33,0,2.6,1
1.85,22,3.92,6,1.08,4,5,5,0,0,3,1
1.85,22,7.84,6,2.81,6,10.65,5,0,0,3.8,1
1.85,8,0.99,2,0,2,0.99,5,0,0,2.2,1
1.85,2,0.17,2,0.11,2,0.28,5,0,0,2,0
1.85,19,45.23,6,36.18,6,81.41,5,0,0,4,1
1.85,11,1.69,4,0.21,2,1.9,5,0,0,2.2,1
1.85,43,0.18,2,0.63,2,0.81,5,0,0,2,0
1.85,31,0.01,2,0.91,2,0.92,5,0,0,2,0
1.85,16,0.88,2,1.5,4,2.38,5,0.19,0,2.6,1
1.85,2,1.17,4,0.15,2,1.32,5,0,0,2.2,1
1.85,8,0,2,0,2,0,5,0,0,2.2,1
1.85,16,0,2,0,2,0,5,0,0,2,0
1.85,8,0,2,0,2,0,5,0.2,0,2.2,1
1.85,6,0,2,0,2,0,5,0,0,2,0
1.85,19,0,2,0,2,0,5,0,0,2.4,1
1.85,19,0.99,2,0.11,2,1.1,5,0,0,2.4,1
1.85,8,0.21,2,0,2,0.21,5,0,0,2,0
1.85,14,2.2,6,0.28,2,2.48,5,0,0,2.4,1
1.85,2,3.31,6,0.17,2,3.48,5,0,0,2.4,1
1.85,4,2.43,6,0.27,2,2.7,5,0,0,2.4,1
1.85,12,13.91,6,0.5,2,14.41,5,0.19,0,2.4,1
2.36,1,1.71,4,0,2,1.71,6.5,88.4,4,4.4,1
2.37,1,1.13,4,3.85,6,4.98,6.5,20.89,0,5,1
2.37,2,17.53,6,0,2,17.53,6.5,94.75,4,4.4,1
2.37,4,0.56,2,0.7,2,1.26,5,0,0,2.4,1
2.37,8,0.56,2,0.08,2,0.64,5,0.05,0,2.4,1
2.34,2,3.95,6,0,2,0,5.5,83.96,1,3.8,1
2.34,4,0,2,0,2,0,5,0,0,2,0
2.34,5,0,2,0,2,0,5,0,0,2,0
2.34,2,0,2,0,2,0,5,0,0,2,0
2.34,19,0,2,0,2,0,5,0,0,2,0
15.56,2,20.65,6,0,2,0,6,397.31,1,4.2,1
15.56,1,3.73,6,2.82,6,6.55,6,160.41,0,5.2,1
15.56,19,0,2,0,2,0,5,23.97,0,2.8,1
17.68,1,2.52,6,20.28,6,22.8,5,70.56,0,4.4,1
21.61,2,3.14,6,5.68,6,8.82,5.5,11.33,0,4.6,1
21.61,6,0.88,2,1.07,4,1.95,5,0.76,0,2.6,1
21.61,8,0.8,2,0.82,2,1.62,5,1.32,0,2,0
21.61,4,0.7,2,0.72,2,1.42,5,0,0,2,0
21.61,5,0,2,0.39,2,0.39,5,0.24,0,2,0
21.61,5,0.33,2,0,2,0.33,5,0,0,2,0
21.61,5,0.28,2,0.16,2,0.44,5,0,0,2,0
21.61,14,0.19,2,0.27,2,0.46,5,0.65,0,2,0
21.61,19,0.53,2,0.62,2,1.15,5,0.01,0,2,0
21.61,19,0.46,2,0.88,2,1.34,5,0.58,0,2,0
21.61,19,0.31,2,0.28,2,0.59,5,0,0,2,0
21.61,9,85,6,1.06,4,86.06,5,0,0,3.4,1
21.61,11,0.75,2,0.9,2,1.65,5,1.4,0,2,0
21.61,12,0.85,2,0.93,2,1.78,5,0,0,2,0
21.61,8,0.34,2,0.36,2,0.7,5,0.03,0,2,0
21.61,8,0.66,2,0.81,2,1.47,5,0.03,0,2,0
21.61,9,0.59,2,0.69,2,1.28,5,0,0,2,0
21.61,32,0.61,2,0.63,2,1.24,5,0,0,2,0
21.61,16,0.72,2,0.8,2,1.52,5,0.02,0,2,0
21.61,16,0.37,2,0.1,2,0.47,5,0,0,2,0
21.61,16,0.62,2,0.71,2,1.33,5,0.08,0,2,0
21.61,15,0.98,2,1.14,4,2.12,5,0,0,2.6,1
21.61,13,0.32,2,0,2,0.32,5,0,0,2,0
21.61,13,0.56,2,0.63,2,1.19,5,0.09,0,2,0
21.61,18,0.54,2,0.56,2,1.1,5,0.8,0,2,0
21.61,29,0.63,2,0.69,2,1.32,5,0.32,0,2,0
21.61,22,0.37,2,0.46,2,0.83,5,0,0,2,0
21.61,14,0,2,0,2,0,5,0,0,2,0
21.61,8,0.29,2,0.33,2,0.62,5,0,0,2,0
21.61,4,0.67,2,0.76,2,1.43,5,0,0,2,0
21.61,19,0.43,2,0,2,0.43,5,0,0,2,0
21.61,2,0.67,2,0.75,2,1.42,5,0.39,0,2,0
21.61,5,0.84,2,1.09,4,1.93,5,0,0,2.6,1
21.61,43,0.52,2,0.68,2,1.2,5,0,0,2,0
21.61,8,0.38,2,0.48,2,0.86,5,0.33,0,2,0
21.61,12,0.19,2,0.23,2,0.42,5,0,0,2,0
21.61,16,0.27,2,0.35,2,0.62,5,0,0,2,0
21.61,32,0.34,2,0.27,2,0.61,5,0,0,2,0
21.61,22,0.02,2,0.66,2,0.68,5,0,0,2,0
21.61,31,0,2,0,2,0,5,0.03,0,2,0
21.61,4,0,2,0,2,0,5,0,0,2,0
59.85,1,1.94,4,6.69,6,8.63,5.5,13.3,1,4.8,1
59.85,8,0,2,0,2,0,5,0.29,0,2,0
59.85,39,0,2,0,2,0,5,3.3,0,2,0
59.85,4,0.27,2,0,2,0.27,5,16.09,0,2.4,1
59.85,5,0,2,0,2,0,5,1.44,0,2,0
59.85,19,0.03,2,0,2,0.03,5,1.66,0,2,0
59.85,9,0,2,0,2,0,5,0.19,0,2,0
59.85,11,0,2,0,2,0,5,0.7,0,2,0
59.85,12,0.05,2,0,2,0.05,5,0.63,0,2,0
59.85,8,0,2,0,2,0,5,0.93,0,2,0
59.85,29,0.03,2,0,2,0.03,5,1.22,0,2,0
59.85,2,0,2,0,2,0,5,1.2,0,2.2,1
59.85,9,0.01,2,0.11,2,0.12,5,1.03,0,2,0
59.85,32,0,2,0,2,0,5,2.86,0,2,0
59.85,16,0.03,2,0,2,0.03,5,1.55,0,2,0
59.85,15,0,2,0,2,0,5,2.39,0,2,0
59.85,13,0.07,2,0,2,0.07,5,10.4,0,2.4,1
59.85,18,0,2,0,2,0,5,1.3,0,2.2,1
59.85,4,0.31,2,0,2,0.31,5,0,0,2,0
59.85,4,0.15,2,0,2,0.15,5,0.05,0,2,0
59.85,4,0,2,0,2,0,5,0,0,2,0
59.85,4,0.01,2,0,2,0.01,5,0.6,0,2,0
59.85,5,0.15,2,0,2,0.15,5,0,0,2,0
59.85,19,0.2,2,0.28,2,0.48,5,0,0,2,0
59.85,9,0.06,2,0,2,0.06,5,0,0,2,0
59.85,9,0.3,2,0,2,0.3,5,0,0,2,0
59.85,9,0,2,0,2,0,5,0,0,2,0
59.85,32,0,2,0,2,0,5,0,0,2,0
59.85,7,0.29,2,0,2,0.29,5,0.04,0,2,0
59.85,13,0.48,2,0,2,0.48,5,0,0,2,0
59.85,21,0.39,2,0.39,2,0.78,5,0.17,0,2.2,1
59.85,21,0.21,2,0,2,0.21,5,0.33,0,2.2,1
59.85,1,0,2,0,2,0,5,0,0,2,0
59.85,21,0.42,2,0,2,0.42,5,0,0,2.2,1
59.85,28,0.04,2,0,2,0.04,5,0.22,0,2,0
59.85,14,0,2,0.22,2,0.22,5,0,0,2,0
59.85,43,0,2,0,2,0,5,0,0,2,0
55.57,32,0.29,2,0.39,2,0.68,5.5,0.05,0,2.4,1
55.57,9,0,2,1.96,4,1.96,5,0.4,0,2.6,1
55.57,6,2.24,6,7.26,6,9.5,5,0.24,0,3.6,1
55.57,6,0.62,2,0.42,2,1.04,5,0,0,2,0
55.57,8,1.7,4,5.91,6,7.61,5,3.68,0,3.6,1
55.57,8,0.95,2,0.72,2,1.67,5,0,0,2.2,1
55.57,2,0,2,0,2,0,5.5,85.05,0,3.2,1
55.57,2,2.59,6,111.9,6,114.49,5,8.47,0,4.2,1
55.57,2,6.48,6,43.08,6,49.56,5,253.12,2,4.8,1
55.57,4,1.2,4,0.54,2,1.74,5,0.45,0,2.2,1
55.57,4,0.26,2,0.21,2,0.47,5,0.05,0,2,0
55.57,5,0.7,2,0.19,2,0.89,5,0,0,2,0
55.57,5,1.59,4,0.13,2,1.72,5,0.11,0,2.2,1
55.57,19,0,2,0,2,0,5,0.02,0,2,0
55.57,19,3.14,6,4.97,6,8.11,5,6.41,1,4,1
55.57,20,0.68,2,1.47,4,2.15,5,0,0,2.6,1
55.57,9,0.67,2,1.71,4,2.38,5,0,0,2.6,1
55.57,9,2.54,6,5.52,6,8.06,5,0.49,0,3.6,1
55.57,11,1.84,4,4.25,6,6.09,5,0.82,0,3.4,1
55.57,8,0,2,0,2,0,5,0,0,2,0
55.57,12,3.1,6,4.66,6,7.76,5,0.59,0,3.6,1
55.57,12,0.79,2,0.46,2,1.25,5,0.28,0,2,0
55.57,12,0.38,2,0.09,2,0.47,5,0,0,2,0
55.57,8,2.41,6,4.69,6,7.1,5,0.25,0,3.6,1
55.57,8,0,2,0,2,0,5,0,0,2,0
55.57,29,1.26,4,1.58,4,2.84,5,6.5,0,3,1
55.57,29,0.6,2,0.46,2,1.06,5,0,0,2,0
55.57,2,1.24,4,2.27,6,3.51,5,0,0,3.8,1
55.57,1,0,2,0,2,0,5,0,0,2.4,1
55.57,44,0.0006,2,1.11,4,1.1106,5,0,0,3,1
55.57,9,1.49,4,2.34,6,3.83,5,0.25,0,3.4,1
55.57,32,1.27,4,2,6,3.27,5,0.18,0,3.4,1
55.57,16,2.42,6,3.53,6,5.95,5,6.31,0,3.8,1
55.57,15,0.69,2,0.81,2,1.5,5,0,0,2,0
55.57,15,1.85,4,4.16,6,6.01,5,0.51,0,3.4,1
55.57,15,1.85,4,4.16,6,6.01,5,1.65,0,3.4,1
55.57,13,2.45,6,5.47,6,7.92,5,5.61,0,3.8,1
55.57,13,0.54,2,0.67,2,1.21,5,0,0,2,0
55.57,22,0,2,0,2,0,5,0,0,2,0
55.57,18,1.45,4,5.79,6,7.24,5,0.69,0,3.4,1
55.57,6,0.84,2,0,2,0.84,5,0,0,2,0
55.57,6,0,2,0,2,0,5,0,0,2,0
55.57,6,0.11,2,0,2,0.11,5,0,0,2,0
55.57,16,0.49,2,0,2,0.49,5,0,0,2,0
55.57,6,0.41,2,0,2,0.41,5,0,0,2,0
55.57,25,0.56,2,0,2,0.56,5,0,0,2,0
55.57,6,0.87,2,0,2,0.87,5,0.1,0,2,0
55.57,25,0.5,2,0,2,0.5,5,0,0,2,0
55.57,6,0,2,0,2,0,5,0.02,0,2,0
55.57,6,0.38,2,0.49,2,0.87,5,0,0,2,0
55.57,6,0,2,0.03,2,0.03,5,0,0,2,0
55.57,37,0.17,2,0,2,0.17,5,0,0,2,0
55.57,8,0.84,2,0,2,0.84,5,0,0,2.2,1
55.57,37,0.49,2,4.78,6,5.27,5,0,0,3.2,1
55.57,8,0.67,2,0.41,2,1.08,5,0.99,0,2.2,1
55.57,8,0.45,2,8.27,6,8.72,5,9.43,0,3.6,1
55.57,8,0,2,0,2,0,5,0,0,2.2,1
55.57,8,0.68,2,0,2,0.68,5,0,0,2.2,1
55.57,8,0.99,2,0,2,0.99,5,0,0,2.2,1
55.57,8,0.29,2,0,2,0.29,5,0,0,2.2,1
55.57,8,1.67,4,0,2,1.67,5,0.06,0,2.4,1
55.57,8,1.05,4,2.17,6,3.22,5,0,0,3.6,1
55.57,2,0.74,2,0,2,0.74,5,0,0,2.4,1
55.57,2,0,2,0,2,0,5,0,0,2.4,1
55.57,4,0.51,2,1.36,4,1.87,5,0,0,2.6,1
55.57,4,0.74,2,0,2,0.74,5,0.15,0,2,0
55.57,4,0.23,2,0,2,0.23,5,,0,2,0
55.57,4,0,2,1.3,4,1.3,5,0,0,2.6,1
55.57,4,0.49,2,0,2,0.49,5,0,0,2,0
55.57,4,0.73,2,0,2,0.73,5,0,0,2,0
55.57,4,0.28,2,0.25,2,0.53,5,0,0,2,0
55.57,4,0.32,2,0,2,0.32,5,0,0,2.2,1
55.57,14,0.21,2,0,2,0.21,5,0,0,2,0
55.57,14,1.63,4,0,2,1.63,5,0,0,2.2,1
55.57,36,0.8,2,0,2,0.8,5,0,0,2,0
55.57,5,0,2,0,2,0,5,0,0,2,0
55.57,43,0.83,2,0,2,0.83,5,0,0,2,0
55.57,5,0.57,2,1.26,4,1.83,5,0.1,0,2.6,1
55.57,5,0.71,2,0,2,0.71,5,0,0,2,0
55.57,5,0.15,2,0,2,0.15,5,0,0,2,0
55.57,5,1.26,4,0,2,1.26,5,0,0,2.2,1
55.57,5,0,2,0,2,0,5,0.01,0,2,0
55.57,43,0,2,0,2,0,5,0,0,2,0
55.57,5,0,2,0,2,0,5,0,0,2,0
55.57,5,0.09,2,0,2,0.09,5,0,0,2,0
55.57,5,0.51,2,0.03,2,0.54,5,0,0,2,0
55.57,5,0.49,2,0,2,0.49,5,0.02,0,2,0
55.57,19,1.1,4,0,2,1.1,5,0,0,2.2,1
55.57,8,1.14,4,0,2,1.14,5,0,0,2.4,1
55.57,19,0,2,0,2,0,5,0,0,2,0
55.57,19,2.3,6,0,2,2.3,5,0,0,2.4,1
55.57,19,1.6,4,0.49,2,2.09,5,88.34,0,2.6,1
55.57,19,1.49,4,0,2,1.49,5,0,0,2.2,1
55.57,19,0.24,2,0,2,0.24,5,0,0,2,0
55.57,19,0.42,2,0,2,0.42,5,0,0,2,0
55.57,19,1.07,4,0.16,2,1.23,5,0,0,2.2,1
55.57,22,1.39,4,0,2,1.39,5,0,0,2.2,1
55.57,22,0.07,2,0,2,0.07,5,0,0,2,0
55.57,9,0.49,2,0.4,2,0.89,5,0,0,2,0
55.57,9,0.88,2,0.54,2,1.42,5,0.11,0,2,0
55.57,19,0,2,1.74,4,1.74,5,0,0,2.6,1
55.57,9,1.28,4,0,2,1.28,5,0.22,0,2.2,1
55.57,9,0,2,0,2,0,5,0,0,2,0
55.57,9,0,2,0,2,0,5,0,0,2,0
55.57,9,0.21,2,0,2,0.21,5,0,0,2,0
55.57,9,0.92,2,0,2,0.92,5,0,0,2,0
55.57,9,0.17,2,0,2,0.17,5,0,0,2,0
55.57,9,0.26,2,0.0021,2,0.2621,5,0,0,2,0
55.57,9,0.78,2,0,2,0.78,5,0,0,2,0
55.57,11,0.98,2,0,2,0.98,5,0,0,2,0
55.57,11,0.27,2,0.0017,2,0.2717,5,0,0,2,0
55.57,11,0.41,2,0.11,2,0.52,5,0,0,2,0
55.57,11,0.74,2,0,2,0.74,5,0.71,0,2,0
55.57,11,0.82,2,2.92,6,3.74,5,0,0,3.2,1
55.57,12,0,2,11.68,6,11.68,5,0,0,3.2,1
55.57,12,0.61,2,0,2,0.61,5,0,0,2,0
55.57,12,0.62,2,0.47,2,1.09,5,0.58,0,2,0
55.57,12,0,2,0,2,0,5,3.57,0,2,0
55.57,12,0,2,0,2,0,5,0,0,2,0
55.57,12,0,2,0,2,0,5,0,0,2,0
55.57,12,0,2,0,2,0,5,0,0,2,0
55.57,12,1.08,4,0,2,1.08,5,0,0,2.2,1
55.57,12,0.7,2,0,2,0.7,5,0,0,2,0
55.57,8,1.36,4,0,2,1.36,5,0,0,2.2,1
55.57,8,0,2,5.24,6,5.24,5,0,0,3.2,1
55.57,8,0.32,2,0.17,2,0.49,5,0,0,2,0
55.57,8,0.33,2,0.0013,2,0.3313,5,0,0,2,0
55.57,8,1.08,4,0.92,2,2,5,0.04,0,2.2,1
55.57,8,0,2,0,2,0,5,0,0,2,0
55.57,8,0.6,2,0,2,0.6,5,0,0,2,0
55.57,27,0.76,2,0,2,0.76,5,0,0,2,0
55.57,27,0,2,2.99,6,2.99,5,0.06,0,3.2,1
55.57,29,0,2,0,2,0,5,0,0,2,0
55.57,29,0.49,2,0.28,2,0.77,5,0.07,0,2,0
55.57,29,0,2,0.81,2,0.81,5,0,0,2,0
55.57,29,0.41,2,0,2,0.41,5,0,0,2,0
55.57,27,0,2,0,2,0,5,0,0,2,0
55.57,29,0.82,2,0,2,0.82,5,0,0,2,0
55.57,29,0.32,2,0.0009,2,0.3209,5,0,0,2,0
55.57,27,0,2,0,2,0,5,0,0,2,0
55.57,2,0,2,0,2,0,5,0,0,2.4,1
55.57,2,1.06,4,0.63,2,1.69,5,0.9,0,2.6,1
55.57,28,0,2,0,2,0,5,0,0,2,0
55.57,28,0,2,0,2,0,5,0.13,0,2,0
55.57,17,0,2,0,2,0,5,0,0,2,0
55.57,9,0.51,2,1.63,4,2.14,5,1.8,0,2.6,1
55.57,9,1.06,4,0,2,1.06,5,0,0,2.2,1
55.57,9,0.71,2,0.25,2,0.96,5,0,0,2,0
55.57,32,0,2,8.49,6,8.49,5,0.43,0,3.2,1
55.57,32,1.6,4,0,2,1.6,5,0,0,2.2,1
55.57,32,0.3,2,0.0023,2,0.3023,5,0,0,2,0
55.57,16,0.47,2,0.46,2,0.93,5,0.42,0,2,0
55.57,16,0,2,0,2,0,5,0.02,0,2,0
55.57,16,1.19,4,0,2,1.19,5,0,0,2.2,1
55.57,16,0,2,1.29,4,1.29,5,0,0,2.6,1
55.57,16,0.7,2,0.79,2,1.49,5.5,1.91,0,2.4,1
55.57,22,0.83,2,0,2,0.83,5,0.14,0,2,0
55.57,16,0.74,2,0,2,0.74,5,2.4,0,2,0
55.57,16,0.2,2,0,2,0.2,5,0,0,2,0
55.57,15,1.4,4,0.06,2,1.46,5,0,0,2.2,1
55.57,15,0.4,2,0.0025,2,0.4025,5,0,0,2,0
55.57,15,0.85,2,1,4,1.85,5,0.4,0,2.6,1
55.57,15,0,2,0.88,2,0.88,5,0.07,0,2,0
55.57,15,0,2,0,2,0,5,0,0,2,0
55.57,15,1.12,4,0,2,1.12,5,0,0,2.2,1
55.57,15,1.28,4,0,2,1.28,5,0,0,2.2,1
55.57,15,0,2,0,2,0,5,0,0,2,0
55.57,13,0,2,1.16,4,1.16,5,0,0,2.6,1
55.57,13,0.1,2,0,2,0.1,5,0,0,2,0
55.57,13,1.06,4,1.6,4,2.66,5,16.09,0,3.2,1
55.57,13,0.25,2,0.0017,2,0.2517,5,0,0,2,0
55.57,13,0.31,2,0.0015,2,0.3115,5,0,0,2,0
55.57,13,0,2,0,2,0,5,0,0,2,0
55.57,13,0.84,2,0,2,0.84,5,0,0,2,0
55.57,13,1.09,4,0,2,1.09,5,0,0,2.2,1
55.57,13,1.29,4,0,2,1.29,5,0,0,2.2,1
55.57,13,0.51,2,0.37,2,0.88,5,0,0,2,0
55.57,21,0.09,2,0,2,0.09,5,0,0,2,0
55.57,18,0.39,2,0.91,2,1.3,5,0,0,2,0
55.57,21,1.07,4,0,2,1.07,5,0,0,2.2,1
55.57,25,0,2,0,2,0,5,0,0,2,0
55.57,32,0.5,2,2.97,6,3.47,5,0.18,0,3.2,1
55.57,22,0.49,2,0.55,2,1.04,5,0,0,2,0
55.57,14,0.84,2,0.65,2,1.49,5,0,0,2,0
55.57,12,0.9,2,1.11,4,2.01,5,0,0,2.6,1
55.57,12,0,2,0,2,0,5,0,0,2,0
55.57,14,0.59,2,0,2,0.59,5,0,0,2,0
55.57,36,0.02,2,0,2,0.02,5,0,0,2,0
55.57,14,1.48,4,4.48,6,5.96,5,0,0,3.4,1
55.57,22,0,2,3.3,6,3.3,5,0,0,3.2,1
55.57,8,0.8,2,0.57,2,1.37,5,0,0,2,0
55.57,18,0.36,2,0.54,2,0.9,5,0.21,0,2,0
55.57,9,0.44,2,0.53,2,0.97,5,0,0,2,0
55.57,16,0.51,2,0.5,2,1.01,5,0.09,0,2,0
55.57,18,0.75,2,0.45,2,1.2,5,0,0,2,0
55.57,9,0.49,2,0.4,2,0.89,5,0,0,2,0
55.57,16,0.47,2,0.37,2,0.84,5,0,0,2,0
55.57,14,0.24,2,0.04,2,0.28,5,0,0,2,0
55.57,18,0.2,2,0,2,0.2,5,0,0,2,0
55.57,15,0,2,0,2,0,5,0.32,0,2,0
